,Company,Job_Find_Info
0,㈜원이앤에스,관심기업_강남 808타워 시설 정직원 모집_경력무관_학력무관_정규직_서울_D-14_스크랩
1,㈜ 옥산석물,"관심기업_[김제] 자재구매/ 생산실적/생산관리/ 공무(기계수리, 정비)/ 석재생산직- [연봉 최대 6,000만/협의]상시채용_신입·경력_고졸↑_정규직_전북 외_D-7_스크랩"
2,㈜최고,관심기업_[천안아산]급여조건최상/상여500/통근/동반/삼성1차협력사-반도체생산사원모집_경력무관_고졸↑_정규직 외_충남 외_D-13_스크랩
3,한국방송광고진흥공사,관심기업_2024 정규직 신입직원 공개채용_신입_학력무관_정규직_서울 외_D-3_스크랩
4,㈜이앤임,관심기업_[기본급 월350만/차등지급]부동산 자산관리/컨설팅 신입/경력 모집_신입·경력_학력무관_계약직 외_경기 외_D-3_스크랩
5,더하다한방병원,관심기업_[더하다한방병원] 원무과 데스크 채용 (주4일근무)_경력무관_학력무관_계약직_경기 외_D-13_스크랩
6,㈜MG자산관리,관심기업_[임원비서 / 금융권 / 월336만] 새마을금고중앙회 본부 임원비서 채용모집_경력무관_고졸↑_계약직_서울_D-9_스크랩
7,㈜비바리퍼블리카,관심기업_[토스페이먼츠] HR Coordinator_신입·경력_학력무관_계약직_서울_D-12_스크랩
8,닥터블릿헬스케어㈜,관심기업_[홈페이지지원] 닥터블릿 헬스케어(주) 각부문별 하반기 채용_경력_고졸↑_계약직_서울_오늘마감_스크랩
9,유니포트(주),"관심기업_[인천공항,제1여객터미널] 제주항공 수하물 지상조업 정규직 채용(유니포트)_경력무관_학력무관_정규직_인천_D-21_스크랩"
10,㈜케이티앤지,2024년 신입/경력사원 채용_D-14_스크랩
11,도레이첨단소재 주식회사,2024년 하반기 신입사원 채용_D-16_스크랩
12,동국시스템즈㈜,각 부문별 경력 및 인턴사원(채용연계형) 채용_D-9_스크랩
13,한국단자공업㈜,2025년도 신입사원 정기 공개채용_D-9_스크랩
14,㈜펄어비스,2024 채용연계형 겨울 인턴십_D-20_스크랩
15,롯데오토케어㈜,각 부문별 신입 채용_D-16_스크랩
16,키다리식품㈜,2024년 하반기 각 부문 신입/경력 대규모 채용_D-7_스크랩
17,슈피겐코리아,경력 및 채용연계형 인턴 공개채용_D-9_스크랩
18,,
19,,
20,,
21,,
22,,
23,,
24,,
25,,
26,,
27,,
28,,
29,,
30,,
31,,
32,,
33,,
34,,
35,,
